<?xml version="1.0" encoding="UTF-8"?><idempiere Name="2Pack_4.1.5" Version="5.1" idempiereVersion="" DataBaseVersion="" Description="@author@ Orlando Curieles - www.ingeint.com - Personal Requisition" Author="" AuthorEmail="orlando.curieles@ingeint.com" CreatedDate="2018-07-18 16:42:04.551" UpdatedDate="2018-07-18 21:45:24.127" PackOutVersion="100" UpdateDictionary="false" Client="0-SYSTEM-System" AD_Client_UU="11237b53-9592-4af1-b3c5-afd216514b5d">
    <SQLStatement type="custom">
        <DBType>Postgres</DBType>
        <statement><![CDATA[CREATE OR REPLACE FUNCTION adempiere.getcurrentsalary(partner_id numeric, concept_id numeric)
 /*************************************************************************
 * The contents of this file are subject to the IDEMPIERE License.  You may
 * obtain a copy of the License at    http://www.compiere.org/license.html
 * Software is on an  "AS IS" basis,  WITHOUT WARRANTY OF ANY KIND, either
 * express or implied. See the License for details. Code: Compiere ERP+CRM
 * Copyright (C) 1999-2001 Jorg Janke, ComPiere, Inc. All Rights Reserved.
 *
 * created to postgreSQL by Orlando Curieles - www.ingeint.com
 *************************************************************************/

 RETURNS numeric
 LANGUAGE plpgsql
 STABLE
AS $function$ declare vSalary numeric;
BEGIN SELECT at.Amount 
INTO vSalary 
FROM HR_Attribute at 
JOIN HR_Concept c on c.HR_Concept_ID = at. HR_Concept_ID
join c_bpartner bp on at.c_bpartner_id = bp.c_bpartner_id
WHERE c.HR_Concept_ID = Concept_ID and at.c_bpartner_id = Partner_ID
and bp.ad_org_id = at.ad_org_id
and at.isactive = 'Y' and at.validto isnull 
order by at.validfrom DESC ; RETURN vSalary; 

END; 

$function$
]]></statement>
    </SQLStatement>
       <AD_Element type="table">
        <AD_Client_ID>0</AD_Client_ID>
        <AD_Org_ID>0</AD_Org_ID>
        <IsActive>Y</IsActive>
        <ColumnName>IsHRProspect</ColumnName>
        <Name>IsHRProspect</Name>
        <Description/>
        <Help/>
        <PrintName>IsHRProspect</PrintName>
        <PO_Description/>
        <PO_Help/>
        <PO_Name/>
        <PO_PrintName/>
        <EntityType>ING_HumanTalent</EntityType>
        <AD_Element_UU>13df4ae2-1ffb-49b2-8c97-28d1f08319f8</AD_Element_UU>
        <AD_Element_Trl type="translation">
            <Help/>
            <PO_Description/>
            <PO_Help/>
            <Name>Prospecto Talento Humano</Name>
            <Description/>
            <PO_Name/>
            <PrintName>Prospecto Talento Humano</PrintName>
            <PO_PrintName/>
            <AD_Language>es_EC</AD_Language>
            <IsActive>Y</IsActive>
            <IsTranslated>Y</IsTranslated>
        </AD_Element_Trl>
    </AD_Element>
    <AD_Column type="table">
        <IsSyncDatabase>Y</IsSyncDatabase>
        <AD_Table_ID reference="id">291</AD_Table_ID>
        <AD_Reference_Value_ID reference="id"/>
        <AD_Client_ID>0</AD_Client_ID>
        <AD_Org_ID>0</AD_Org_ID>
        <Version>0</Version>
        <Name>IsHRProspect</Name>
        <Description/>
        <Help/>
        <AD_Val_Rule_ID reference="id"/>
        <ColumnName>IsHRProspect</ColumnName>
        <DefaultValue>N</DefaultValue>
        <FieldLength>1</FieldLength>
        <IsKey>N</IsKey>
        <IsParent>N</IsParent>
        <IsMandatory>N</IsMandatory>
        <IsTranslated>N</IsTranslated>
        <IsIdentifier>N</IsIdentifier>
        <SeqNo>0</SeqNo>
        <IsEncrypted>N</IsEncrypted>
        <AD_Reference_ID reference="id">20</AD_Reference_ID>
        <IsActive>Y</IsActive>
        <VFormat/>
        <Callout/>
        <AD_Element_ID reference="uuid" reference-key="AD_Element">13df4ae2-1ffb-49b2-8c97-28d1f08319f8</AD_Element_ID>
        <IsUpdateable>Y</IsUpdateable>
        <AD_Process_ID reference="id"/>
        <ValueMin/>
        <ValueMax/>
        <IsSelectionColumn>N</IsSelectionColumn>
        <ReadOnlyLogic/>
        <EntityType>ING_HumanTalent</EntityType>
        <IsAlwaysUpdateable>N</IsAlwaysUpdateable>
        <ColumnSQL/>
        <MandatoryLogic/>
        <IsAutocomplete>N</IsAutocomplete>
        <IsAllowLogging>Y</IsAllowLogging>
        <FormatPattern/>
        <AD_Chart_ID reference="id"/>
        <AD_Column_UU>eda76e5b-8198-44b2-8475-e1d556de106b</AD_Column_UU>
        <IsAllowCopy>Y</IsAllowCopy>
        <SeqNoSelection>0</SeqNoSelection>
        <IsToolbarButton>N</IsToolbarButton>
        <IsSecure>N</IsSecure>
        <FKConstraintName/>
        <FKConstraintType>N</FKConstraintType>
        <PA_DashboardContent_ID reference="id"/>
    </AD_Column>
    <AD_Field type="table">
        <AD_Client_ID>0</AD_Client_ID>
        <AD_Org_ID>0</AD_Org_ID>
        <Name>IsHRProspect</Name>
        <Description/>
        <Help/>
        <AD_Tab_ID reference="uuid" reference-key="AD_Tab">09bbc971-1e95-4e0c-866b-85d508faeced</AD_Tab_ID>
        <AD_Column_ID reference="uuid" reference-key="AD_Column">eda76e5b-8198-44b2-8475-e1d556de106b</AD_Column_ID>
        <IsDisplayed>Y</IsDisplayed>
        <DisplayLogic/>
        <DisplayLength>1</DisplayLength>
        <SeqNo>60</SeqNo>
        <SortNo/>
        <IsSameLine>N</IsSameLine>
        <IsHeading>N</IsHeading>
        <IsFieldOnly>N</IsFieldOnly>
        <IsEncrypted>N</IsEncrypted>
        <IsActive>Y</IsActive>
        <IsReadOnly>Y</IsReadOnly>
        <IsCentrallyMaintained>Y</IsCentrallyMaintained>
        <AD_FieldGroup_ID reference="id"/>
        <EntityType>ING_HumanTalent</EntityType>
        <ObscureType/>
        <AD_Reference_ID reference="id"/>
        <IsMandatory/>
        <DefaultValue>Y</DefaultValue>
        <AD_Reference_Value_ID reference="id"/>
        <AD_Val_Rule_ID reference="id"/>
        <Included_Tab_ID reference="id"/>
        <AD_Field_UU>7a8e2954-6c3b-4f1b-b72f-a60cc83ecde6</AD_Field_UU>
        <IsAllowCopy/>
        <IsDisplayedGrid>Y</IsDisplayedGrid>
        <SeqNoGrid>150</SeqNoGrid>
        <XPosition>5</XPosition>
        <ColumnSpan>2</ColumnSpan>
        <NumLines>1</NumLines>
        <IsQuickEntry>N</IsQuickEntry>
        <IsUpdateable/>
        <IsAlwaysUpdateable/>
        <MandatoryLogic/>
        <ReadOnlyLogic/>
        <IsToolbarButton/>
        <IsDefaultFocus>N</IsDefaultFocus>
        <IsAdvancedField>N</IsAdvancedField>
        <VFormat/>
        <AD_LabelStyle_ID reference="id"/>
        <AD_FieldStyle_ID reference="id"/>
        <AD_Field_Trl type="translation">
            <Help/>
            <Description/>
            <Name>Prospecto Talento Humano</Name>
            <AD_Language>es_EC</AD_Language>
            <IsActive>Y</IsActive>
            <IsTranslated>Y</IsTranslated>
        </AD_Field_Trl>
    </AD_Field>
    <AD_Field type="table">
        <AD_Client_ID>0</AD_Client_ID>
        <AD_Org_ID>0</AD_Org_ID>
        <Name>IsHRProspect</Name>
        <Description/>
        <Help/>
        <AD_Tab_ID reference="id">53104</AD_Tab_ID>
        <AD_Column_ID reference="uuid" reference-key="AD_Column">eda76e5b-8198-44b2-8475-e1d556de106b</AD_Column_ID>
        <IsDisplayed>N</IsDisplayed>
        <DisplayLogic/>
        <DisplayLength>1</DisplayLength>
        <SeqNo>0</SeqNo>
        <SortNo/>
        <IsSameLine>N</IsSameLine>
        <IsHeading>N</IsHeading>
        <IsFieldOnly>N</IsFieldOnly>
        <IsEncrypted>N</IsEncrypted>
        <IsActive>Y</IsActive>
        <IsReadOnly>N</IsReadOnly>
        <IsCentrallyMaintained>Y</IsCentrallyMaintained>
        <AD_FieldGroup_ID reference="id"/>
        <EntityType>ING_Payroll</EntityType>
        <ObscureType/>
        <AD_Reference_ID reference="id"/>
        <IsMandatory/>
        <DefaultValue/>
        <AD_Reference_Value_ID reference="id"/>
        <AD_Val_Rule_ID reference="id"/>
        <Included_Tab_ID reference="id"/>
        <AD_Field_UU>d42537e9-f373-4ddf-9b74-ddb771ae2de2</AD_Field_UU>
        <IsAllowCopy/>
        <IsDisplayedGrid>Y</IsDisplayedGrid>
        <SeqNoGrid>400</SeqNoGrid>
        <XPosition>1</XPosition>
        <ColumnSpan>2</ColumnSpan>
        <NumLines>1</NumLines>
        <IsQuickEntry>N</IsQuickEntry>
        <IsUpdateable/>
        <IsAlwaysUpdateable/>
        <MandatoryLogic/>
        <ReadOnlyLogic>Y</ReadOnlyLogic>
        <IsToolbarButton/>
        <IsDefaultFocus>N</IsDefaultFocus>
        <IsAdvancedField>N</IsAdvancedField>
        <VFormat/>
        <AD_LabelStyle_ID reference="id"/>
        <AD_FieldStyle_ID reference="id"/>
        <AD_Field_Trl type="translation">
            <Help/>
            <Description/>
            <Name>Prospecto Talento Humano</Name>
            <AD_Language>es_EC</AD_Language>
            <IsActive>Y</IsActive>
            <IsTranslated>Y</IsTranslated>
        </AD_Field_Trl>
    </AD_Field>
     <AD_EntityType type="table">
        <AD_Client_ID>0</AD_Client_ID>
        <AD_Org_ID>0</AD_Org_ID>
        <EntityType>ING_HumanTalent</EntityType>
        <IsActive>Y</IsActive>
        <Name>INGEINT Human Talent</Name>
        <Description/>
        <Help>Project URL https://bitbucket.org/dcs_bitbucket/human-talent-plugin-for-idempiere
		Vendor Double Click Sistemas C.A. - INGEINT SA - Ecuador</Help>
        <Version>5.1</Version>
        <ModelPackage/>
        <Classpath/>
        <Processing>N</Processing>
        <AD_EntityType_UU>b1eb0193-465e-4757-99ad-63deef484db9</AD_EntityType_UU>
    </AD_EntityType>
</idempiere>
